,,,1/Circularity,,
Control,my CAF,iCAF ,Control,my CAF,iCAF 
0.511,0.455,0.541,1.956947,2.197802,1.848429
0.91,0.755,0.782,1.098901,1.324503,1.278772
0.832,0.635,0.652,1.201923,1.574803,1.533742
0.694,0.675,0.683,1.440922,1.481481,1.464129
0.782,0.812,0.731,1.278772,1.231527,1.367989
0.563,0.522,0.595,1.776199,1.915709,1.680672
0.752,0.748,0.516,1.329787,1.336898,1.937984
0.863,0.684,0.669,1.158749,1.461988,1.494768
,0.598,0.635,,1.672241,1.574803
,0.725,,,1.37931,
