Row,CAF_in_coculture,CAF_only,Panc_in_coculture,Panc_only
base_val (um/min),0.244167803915967,0.23108106501601,0.670679069725516,0.249618709893652
min_val (um/min),3.3967287197265e-06,0.231080880866658,0.00169047643400868,0.249617962741289
max_val (um/min),3.99991754801745,0.346597833185853,2.09935212504559,3.99862343413942
decrease_ec50 (mg/mL),3.98100855583182,3.99997430955665,1.01428272161526,3.47233782373681
decrease_pow,3.39489757562862,1.00000231741883,1.00111688144217,5.9981194564504
increase_ec50 (mg/mL),7.67403121619367,2.53843957279677,3.8523560342668,9.99794287998769
increase_pow,3.40835172991051,9.99994383754887,3.98076400483204,4.49199421388927
